Timestamp,r_ref,yaw_integrator,q_ref,curr_ax,curr_roll_rate,curr_pitch_rate,curr_yaw_rate,curr_qw,curr_qx,curr_qy,curr_qz,thrust_ref,p_ref,omega_L_ref,omega_R_ref,servo_L_ref,servo_R_ref,Temperature,Voltage,Current,RPM2,RPM4,Throttle2,Throttle4,ErrorCodes
79255,0.428,11558117.000,0.124,-0.130,-0.033,0.312,0.013,0.466,-0.479,-0.540,-0.512,0.000,-0.001,5313,0,8,-6,0,0.000,0.000,0,0,0,0,0
79354,0.431,13079838.000,0.009,0.110,0.017,0.683,-0.002,0.476,-0.469,-0.531,-0.521,0.000,-0.000,5532,0,20,-21,0,0.000,0.000,0,0,0,0,0
79454,0.437,14645924.000,-0.196,0.090,0.007,0.569,0.007,0.494,-0.450,-0.515,-0.537,0.000,0.006,5605,0,17,-17,0,0.000,0.000,0,0,0,0,0
79554,0.436,16175742.000,-0.094,0.140,0.003,-0.749,0.016,0.486,-0.458,-0.524,-0.529,0.000,0.002,5690,0,-21,21,0,0.000,0.000,0,0,0,0,0
79654,0.431,17646000.000,-0.090,-0.200,0.004,0.088,0.003,0.486,-0.459,-0.524,-0.528,0.000,0.002,5912,0,6,-6,0,0.000,0.000,305,305,0,0,0
79754,0.422,19061696.000,-0.066,0.330,-0.006,0.032,0.008,0.484,-0.462,-0.525,-0.526,0.000,0.001,6115,0,2,-3,0,0.000,0.000,305,305,0,0,0
79854,0.415,20498036.000,0.035,0.010,-0.082,0.104,0.112,0.475,-0.472,-0.532,-0.518,0.000,-0.001,5342,0,12,-6,0,0.000,0.000,305,305,0,0,0
79954,0.405,21805114.000,-0.219,-0.310,-0.011,-0.182,0.017,0.497,-0.451,-0.510,-0.538,0.000,0.006,6103,0,-10,10,0,0.000,0.000,305,305,0,0,0
80054,0.384,23012380.000,-0.107,0.330,-0.014,0.789,0.039,0.490,-0.461,-0.519,-0.527,0.000,0.002,6066,0,33,-34,0,0.000,0.000,305,305,0,0,0
80154,0.389,24408352.000,-0.188,-0.110,-0.013,-0.946,-0.013,0.496,-0.454,-0.517,-0.530,0.000,0.004,6388,0,-25,28,0,0.000,0.000,305,305,0,0,0
80254,0.381,25683210.000,-0.192,-0.370,-0.018,0.748,0.014,0.500,-0.451,-0.514,-0.531,0.000,0.005,6352,0,30,-28,0,0.000,0.000,305,305,0,0,0
80354,0.391,27119740.000,-0.156,0.270,0.087,-0.327,-0.063,0.497,-0.453,-0.518,-0.529,0.000,0.004,6860,0,-7,2,0,0.000,0.000,305,305,0,0,0
80454,0.385,28536146.000,-0.092,0.030,-0.029,-0.227,0.030,0.493,-0.458,-0.524,-0.522,0.000,0.002,6400,0,0,3,0,0.000,0.000,305,305,0,0,0
80554,0.369,29920900.000,-0.048,0.000,0.018,0.032,0.016,0.490,-0.463,-0.527,-0.518,0.000,0.001,6605,0,5,-6,0,0.000,0.000,305,305,0,0,0
80654,0.342,30979816.000,-0.054,-0.010,-0.017,-0.044,0.014,0.492,-0.465,-0.525,-0.517,0.000,0.001,6601,0,2,0,0,0.000,0.000,305,305,0,0,0
80754,0.318,32051540.000,-0.043,0.030,0.000,0.176,0.002,0.491,-0.468,-0.523,-0.516,0.000,0.001,6707,0,9,-9,0,0.000,0.000,305,305,0,0,0
80854,0.325,33231142.000,-0.136,0.090,0.014,0.140,-0.023,0.499,-0.460,-0.516,-0.523,0.000,0.003,6909,0,6,-6,24,16.570,81.370,305,305,0,0,0
80954,0.331,34433828.000,-0.108,0.090,-0.002,-0.122,0.000,0.497,-0.461,-0.519,-0.521,0.000,0.002,6876,0,1,0,24,16.570,81.370,305,305,0,0,0
81054,0.314,35528612.000,-0.101,0.000,-0.006,-0.027,0.011,0.496,-0.464,-0.518,-0.520,0.000,0.002,6875,0,4,-3,24,16.570,81.370,305,305,0,0,0
81154,0.258,36474168.000,-0.107,0.100,-0.017,-0.054,0.024,0.500,-0.467,-0.514,-0.518,0.000,0.002,6648,0,4,-2,24,16.570,81.370,305,305,0,0,0
81254,0.204,37239600.000,-0.112,0.060,-0.009,-0.190,0.009,0.502,-0.472,-0.508,-0.516,0.000,0.002,6613,0,0,1,24,16.570,81.370,305,305,0,0,0
81354,0.178,37857472.000,-0.054,0.110,0.000,-0.324,0.002,0.497,-0.480,-0.510,-0.511,0.000,0.001,6682,0,-5,5,24,16.570,81.370,305,305,0,0,0
81454,0.174,38457844.000,0.032,0.000,-0.014,-0.170,0.016,0.489,-0.489,-0.516,-0.506,0.000,-0.000,6649,0,-1,2,24,16.570,81.370,305,305,0,0,0
81554,0.157,39011360.000,0.067,-0.050,-0.003,-0.053,0.000,0.485,-0.495,-0.516,-0.504,0.000,-0.000,6716,0,0,0,24,16.570,81.370,305,305,0,0,0
81654,0.140,39593712.000,0.082,-0.020,0.000,0.033,-0.002,0.484,-0.498,-0.516,-0.502,0.000,-0.000,6695,0,1,-1,24,16.580,81.370,305,305,0,0,0
81754,0.131,40023984.000,0.071,0.060,0.008,0.038,-0.010,0.486,-0.497,-0.514,-0.502,0.000,-0.000,6759,0,1,-1,24,16.580,81.370,305,305,0,0,0
81854,0.122,40467788.000,0.053,0.060,-0.008,0.031,0.010,0.488,-0.497,-0.512,-0.503,0.000,-0.000,6659,0,1,0,24,16.580,81.370,305,305,0,0,0
81954,0.110,40846580.000,0.048,0.050,0.001,0.007,0.004,0.489,-0.497,-0.511,-0.503,0.000,-0.000,6695,0,1,0,24,16.590,81.370,305,305,0,0,0
82054,0.098,41174268.000,0.036,-0.080,-0.008,0.184,0.009,0.491,-0.497,-0.509,-0.503,0.000,-0.000,6670,0,7,-6,24,16.590,81.370,305,305,0,0,0
82154,0.093,41507648.000,-0.039,-0.050,0.032,0.328,-0.016,0.498,-0.490,-0.503,-0.509,0.000,0.000,6806,0,10,-11,24,16.590,81.370,305,305,0,0,0
82254,0.094,41871524.000,-0.088,0.190,0.000,0.019,-0.003,0.502,-0.486,-0.499,-0.512,0.000,0.001,6754,0,3,-2,24,16.590,81.370,305,305,0,0,0
82354,0.092,42209816.000,-0.086,0.030,0.000,-0.052,0.001,0.502,-0.486,-0.499,-0.512,0.000,0.001,6756,0,2,-1,24,16.590,81.370,305,305,0,0,0
82454,0.087,42503488.000,-0.077,-0.110,0.003,-0.002,-0.004,0.502,-0.487,-0.500,-0.511,0.000,0.001,6813,0,4,-3,24,16.570,81.370,305,305,0,0,0
82554,0.086,42817396.000,-0.105,-0.050,-0.007,0.260,-0.004,0.504,-0.485,-0.497,-0.513,0.000,0.001,6817,0,13,-12,24,16.570,81.370,305,305,0,0,0
82654,0.087,43138384.000,-0.176,0.120,-0.008,0.161,0.000,0.510,-0.479,-0.491,-0.519,0.000,0.002,6811,0,9,-8,24,16.570,81.370,305,305,0,0,0
82754,0.080,43448064.000,-0.219,0.150,0.016,-0.006,-0.003,0.514,-0.475,-0.487,-0.522,0.000,0.003,6819,0,5,-5,24,16.570,81.370,305,305,0,0,0
82854,0.077,43712760.000,-0.187,0.030,0.000,-0.219,0.007,0.510,-0.480,-0.488,-0.521,0.000,-0.001,6801,0,0,1,24,16.580,81.370,305,305,0,0,0
82954,0.075,43964684.000,-0.124,-0.020,0.004,-0.063,0.018,0.503,-0.487,-0.492,-0.517,0.000,-0.001,6753,0,6,-5,24,16.580,81.370,305,305,0,0,0
83054,0.074,44218584.000,-0.153,0.030,0.006,0.047,-0.012,0.504,-0.486,-0.488,-0.521,0.000,-0.001,6946,0,5,-5,24,16.580,81.370,305,305,0,0,0
83154,0.076,44506836.000,-0.146,-0.030,-0.011,0.032,0.007,0.502,-0.488,-0.487,-0.522,0.000,-0.001,6846,0,8,-6,24,16.580,81.370,305,305,0,0,0
83254,0.076,44773820.000,-0.152,0.030,0.011,0.017,-0.014,0.501,-0.488,-0.486,-0.523,0.000,-0.001,6986,0,6,-6,24,16.600,81.370,305,305,0,0,0
83354,0.074,45046696.000,-0.167,0.020,-0.004,0.050,-0.001,0.502,-0.488,-0.484,-0.525,0.000,-0.001,6926,0,8,-7,24,16.600,81.370,305,305,0,0,0
83454,0.071,45301220.000,-0.177,0.020,0.012,0.001,-0.016,0.502,-0.488,-0.482,-0.527,0.000,-0.001,7024,0,6,-7,24,16.600,81.370,305,305,0,0,0
83554,0.078,45622560.000,-0.177,-0.020,0.014,-0.012,-0.017,0.501,-0.488,-0.482,-0.528,0.000,-0.001,7042,0,6,-6,24,16.600,81.370,305,305,0,0,0
83654,0.085,45977576.000,-0.177,0.020,0.013,0.013,-0.021,0.500,-0.488,-0.482,-0.528,0.000,-0.001,7103,0,7,-7,24,16.580,81.370,305,305,0,0,0
83754,0.092,46360984.000,-0.181,0.080,0.007,0.019,-0.013,0.500,-0.487,-0.483,-0.529,0.000,-0.001,7106,0,8,-7,24,16.580,81.370,305,305,0,0,0
83854,0.098,46750756.000,-0.183,0.020,0.010,-0.017,-0.016,0.500,-0.486,-0.483,-0.529,0.000,-0.001,7164,0,7,-7,24,16.580,81.370,305,305,0,0,0
83954,0.103,47154020.000,-0.182,0.030,0.009,0.006,-0.013,0.500,-0.486,-0.483,-0.530,0.000,-0.001,7201,0,8,-8,24,16.590,81.370,305,305,0,0,0
84054,0.105,47545764.000,-0.182,0.030,0.010,-0.016,-0.017,0.498,-0.487,-0.482,-0.531,0.000,-0.001,7261,0,7,-7,24,16.590,81.370,305,305,0,0,0
84154,0.105,47922032.000,-0.179,0.030,0.000,-0.017,-0.002,0.498,-0.488,-0.482,-0.531,0.000,-0.001,7243,0,7,-7,24,16.590,81.370,305,305,0,0,0
84254,0.105,48295716.000,-0.175,0.060,-0.006,0.013,0.003,0.497,-0.489,-0.482,-0.531,0.000,-0.001,7223,0,9,-8,24,16.590,81.370,305,305,0,0,0
84354,0.104,48637808.000,-0.177,0.060,-0.008,0.000,0.004,0.497,-0.489,-0.481,-0.531,0.000,-0.001,7257,0,8,-7,24,16.610,81.370,305,305,0,0,0
84454,0.104,48992016.000,-0.177,0.050,-0.007,-0.010,0.002,0.497,-0.489,-0.481,-0.531,0.000,-0.001,7288,0,8,-7,24,16.610,81.370,305,305,0,0,0
84554,0.104,49390760.000,-0.172,0.010,-0.010,-0.018,0.006,0.497,-0.489,-0.482,-0.531,0.000,-0.001,7288,0,8,-7,24,16.610,81.370,305,305,0,0,0
84654,0.103,49706252.000,-0.170,-0.010,0.000,0.001,0.000,0.496,-0.489,-0.482,-0.531,0.000,-0.001,7345,0,8,-8,24,16.610,81.370,305,305,0,0,0
84754,0.103,50064532.000,-0.174,0.060,0.000,0.013,-0.007,0.497,-0.489,-0.481,-0.531,0.000,-0.001,7403,0,9,-8,24,16.600,81.370,305,305,0,0,0
84854,0.107,50470052.000,-0.175,0.060,0.004,0.006,-0.009,0.497,-0.489,-0.482,-0.532,0.000,-0.001,7425,0,8,-8,24,16.600,81.370,305,305,0,0,0
84954,0.108,50869524.000,-0.172,0.000,0.002,-0.020,-0.001,0.496,-0.489,-0.482,-0.531,0.000,-0.001,7419,0,8,-7,24,16.600,81.370,305,305,0,0,0
85054,0.108,51255696.000,-0.170,-0.020,0.009,0.004,-0.006,0.496,-0.489,-0.482,-0.531,0.000,-0.001,7476,0,9,-9,24,16.590,81.370,305,305,0,0,0
85154,0.108,51639448.000,-0.170,0.040,0.000,0.000,-0.002,0.496,-0.489,-0.482,-0.531,0.000,-0.001,7488,0,9,-8,24,16.590,81.370,305,305,0,0,0
85254,0.108,52023548.000,-0.170,0.060,0.000,0.001,0.000,0.496,-0.489,-0.482,-0.531,0.000,-0.001,7505,0,9,-9,24,16.590,81.370,305,305,0,0,0
85354,0.108,52401664.000,-0.170,0.030,0.000,-0.003,0.000,0.496,-0.489,-0.482,-0.531,0.000,-0.001,7532,0,9,-9,24,16.590,81.370,305,305,0,0,0
85454,0.108,52772232.000,-0.171,0.050,0.003,0.007,0.000,0.496,-0.489,-0.482,-0.531,0.000,-0.001,7562,0,9,-9,24,16.600,81.410,305,305,0,0,0
85554,0.108,53145904.000,-0.171,0.040,0.000,-0.002,0.007,0.496,-0.489,-0.482,-0.531,0.000,-0.001,7552,0,9,-9,24,16.600,81.410,305,305,0,0,0
85654,0.108,53531744.000,-0.169,0.000,-0.003,-0.001,0.002,0.496,-0.489,-0.482,-0.531,0.000,-0.001,7589,0,10,-9,24,16.600,81.410,305,305,0,0,0
85754,0.108,53913356.000,-0.170,0.050,0.002,-0.002,0.000,0.496,-0.489,-0.482,-0.531,0.000,-0.001,7627,0,9,-9,25,16.590,81.370,305,305,0,0,0
85854,0.108,54281976.000,-0.170,0.010,-0.001,-0.004,0.000,0.496,-0.489,-0.482,-0.531,0.000,-0.001,7661,0,9,-9,25,16.590,81.370,305,305,0,0,0
85954,0.108,54655696.000,-0.170,0.020,-0.001,-0.004,0.002,0.496,-0.489,-0.482,-0.531,0.000,-0.001,7681,0,9,-9,25,16.590,81.370,305,305,0,0,0
86054,0.108,55032132.000,-0.169,0.040,-0.002,0.004,0.000,0.496,-0.489,-0.482,-0.531,0.000,-0.001,7705,0,10,-10,25,16.590,81.370,305,305,0,0,0
86154,0.108,55397456.000,-0.169,0.030,-0.002,-0.009,0.007,0.496,-0.489,-0.482,-0.531,0.000,-0.001,7702,0,10,-9,24,16.600,81.370,305,305,0,0,0
86254,0.108,55756708.000,-0.169,0.030,0.000,0.000,0.000,0.496,-0.489,-0.482,-0.531,0.000,-0.001,7762,0,10,-10,24,16.600,81.370,305,305,0,0,0
86354,0.107,56143460.000,-0.170,0.050,0.000,-0.006,-0.006,0.496,-0.489,-0.482,-0.531,0.000,-0.001,7798,0,10,-10,24,16.600,81.370,305,305,0,0,0
86454,0.107,56524840.000,-0.169,0.020,0.004,-0.004,0.001,0.496,-0.489,-0.482,-0.531,0.000,-0.001,7789,0,10,-10,24,16.600,81.370,305,305,0,0,0
86554,0.107,56910232.000,-0.169,0.030,0.000,0.003,0.000,0.496,-0.489,-0.482,-0.531,0.000,-0.001,7816,0,11,-10,24,16.590,81.410,305,305,0,0,0
86654,0.107,57286872.000,-0.169,0.060,0.002,0.000,0.000,0.496,-0.489,-0.482,-0.531,0.000,-0.001,7843,0,10,-10,24,16.590,81.410,305,305,0,0,0
86754,0.107,57667596.000,-0.169,0.020,0.004,-0.008,-0.001,0.496,-0.489,-0.482,-0.531,0.000,-0.001,7873,0,10,-10,24,16.590,81.410,305,305,0,0,0
86854,0.108,58033128.000,-0.170,0.000,-0.006,0.003,0.003,0.496,-0.489,-0.482,-0.531,0.000,-0.001,7886,0,11,-10,24,16.590,81.410,305,305,0,0,0
86954,0.108,58409620.000,-0.170,0.050,-0.001,0.000,0.000,0.496,-0.489,-0.482,-0.531,0.000,-0.001,7920,0,11,-10,24,16.580,81.370,305,305,0,0,0
87054,0.108,58786884.000,-0.170,0.040,0.002,0.001,-0.001,0.496,-0.489,-0.482,-0.531,0.000,-0.001,7950,0,11,-11,24,16.580,81.370,305,305,0,0,0
87154,0.108,59164144.000,-0.170,0.010,-0.002,0.011,0.000,0.496,-0.489,-0.482,-0.531,0.000,-0.001,7967,0,12,-11,24,16.580,81.370,305,305,0,0,0
87254,0.107,59531336.000,-0.171,0.030,-0.006,0.000,0.004,0.496,-0.489,-0.482,-0.531,0.000,-0.001,7971,0,11,-11,24,16.580,81.370,305,305,0,0,0
87354,0.107,59892628.000,-0.171,0.070,0.003,0.000,0.000,0.496,-0.489,-0.482,-0.531,0.000,-0.001,8020,0,11,-11,24,16.580,81.370,305,305,0,0,0
87454,0.107,60000000.000,-0.170,0.030,-0.003,0.000,0.006,0.496,-0.489,-0.482,-0.531,0.000,-0.001,7999,0,12,-11,25,16.600,81.410,305,305,0,0,0
87554,0.107,60000000.000,-0.170,0.050,-0.008,-0.014,0.002,0.496,-0.489,-0.482,-0.531,0.000,-0.001,8016,0,11,-10,25,16.600,81.410,305,305,0,0,0
87654,0.107,60000000.000,-0.166,0.000,-0.003,-0.004,0.002,0.496,-0.490,-0.482,-0.531,0.000,-0.001,8014,0,12,-11,25,16.600,81.410,305,305,0,0,0
87754,0.107,60000000.000,-0.168,0.040,0.000,0.009,-0.004,0.496,-0.489,-0.482,-0.531,0.000,-0.001,8045,0,12,-12,25,16.600,81.410,305,305,0,0,0
87854,0.108,60000000.000,-0.164,0.050,-0.003,-0.024,-0.004,0.496,-0.490,-0.483,-0.531,0.000,-0.001,8029,0,11,-10,25,16.600,81.410,305,305,0,0,0
87954,0.108,60000000.000,-0.162,0.010,0.000,0.000,0.000,0.495,-0.490,-0.483,-0.531,0.000,-0.001,8015,0,12,-12,25,16.600,81.410,305,305,0,0,0
88054,0.108,60000000.000,-0.162,0.010,-0.001,-0.003,0.009,0.495,-0.490,-0.483,-0.531,0.000,-0.001,7988,0,12,-11,25,16.600,81.410,305,305,0,0,0
88154,0.108,60000000.000,-0.162,0.020,-0.001,-0.006,0.003,0.495,-0.490,-0.483,-0.531,0.000,-0.001,8020,0,12,-12,25,16.600,81.410,305,305,0,0,0
88254,0.108,60000000.000,-0.162,0.020,0.000,0.001,0.002,0.495,-0.490,-0.483,-0.531,0.000,-0.001,8010,0,12,-12,24,16.590,81.410,305,305,0,0,0
88354,0.108,60000000.000,-0.162,0.050,-0.002,-0.006,0.000,0.495,-0.490,-0.483,-0.531,0.000,-0.001,8020,0,12,-12,24,16.590,81.410,305,305,0,0,0
88454,0.108,60000000.000,-0.159,0.000,-0.003,-0.008,0.007,0.495,-0.490,-0.483,-0.530,0.000,-0.001,8017,0,12,-12,24,16.590,81.410,305,305,0,0,0
88554,0.108,60000000.000,-0.159,0.050,0.000,0.001,0.001,0.495,-0.490,-0.483,-0.530,0.000,-0.001,8018,0,12,-12,24,16.590,81.410,305,305,0,0,0
88654,0.108,60000000.000,-0.159,0.020,-0.001,-0.009,-0.002,0.495,-0.490,-0.483,-0.530,0.000,-0.001,8029,0,12,-12,24,16.590,81.410,305,305,0,0,0
88754,0.108,60000000.000,-0.159,0.030,-0.001,-0.006,0.000,0.495,-0.490,-0.483,-0.530,0.000,-0.001,8018,0,13,-12,25,16.590,81.410,305,305,0,0,0
88854,0.108,60000000.000,-0.159,0.030,-0.007,0.003,0.004,0.495,-0.490,-0.483,-0.530,0.000,-0.001,8003,0,13,-12,25,16.590,81.410,305,305,0,0,0
88954,0.108,60000000.000,-0.159,0.030,-0.002,-0.007,0.000,0.495,-0.490,-0.483,-0.530,0.000,-0.001,8027,0,13,-12,25,16.590,81.410,305,305,0,0,0
89054,0.108,60000000.000,-0.159,0.030,0.002,-0.002,-0.008,0.495,-0.490,-0.483,-0.530,0.000,-0.001,8064,0,13,-13,25,16.590,81.410,305,305,0,0,0
89154,0.108,60000000.000,-0.159,0.040,0.001,0.007,0.000,0.495,-0.490,-0.483,-0.530,0.000,-0.001,8026,0,13,-13,24,16.590,81.410,305,305,0,0,0
89254,0.108,60000000.000,-0.159,0.030,0.000,-0.004,0.000,0.495,-0.490,-0.483,-0.530,0.000,-0.001,8028,0,13,-13,24,16.590,81.410,305,305,0,0,0
89354,0.108,60000000.000,-0.159,0.030,-0.004,-0.004,0.000,0.495,-0.490,-0.483,-0.530,0.000,-0.001,8021,0,13,-13,24,16.590,81.410,305,305,0,0,0
89454,0.109,60000000.000,-0.161,0.040,0.007,0.000,-0.010,0.495,-0.490,-0.483,-0.531,0.000,-0.001,8066,0,13,-13,24,16.590,81.410,305,305,0,0,0
89554,0.109,60000000.000,-0.161,0.020,0.007,-0.002,-0.006,0.495,-0.490,-0.483,-0.531,0.000,-0.001,8037,0,13,-13,25,16.600,81.410,305,305,0,0,0
89654,0.109,60000000.000,-0.162,0.020,-0.002,0.010,-0.002,0.495,-0.490,-0.483,-0.531,0.000,-0.001,8028,0,14,-14,25,16.600,81.410,305,305,0,0,0
89754,0.109,60000000.000,-0.162,0.060,0.007,0.001,-0.004,0.495,-0.490,-0.483,-0.531,0.000,-0.001,8039,0,14,-14,25,16.600,81.410,305,305,0,0,0
89854,0.109,60000000.000,-0.163,0.040,-0.006,0.006,0.000,0.495,-0.490,-0.483,-0.531,0.000,-0.001,8012,0,14,-14,25,16.590,81.410,305,305,0,0,0
89954,0.109,60000000.000,-0.162,0.030,0.000,-0.014,-0.002,0.495,-0.490,-0.483,-0.531,0.000,-0.001,8028,0,14,-13,25,16.590,81.410,305,305,0,0,0
90054,0.109,60000000.000,-0.163,0.040,0.010,0.009,-0.003,0.495,-0.490,-0.483,-0.531,0.000,-0.001,8041,0,14,-15,25,16.590,81.410,305,305,0,0,0
90154,0.109,60000000.000,-0.163,0.050,-0.003,-0.002,0.002,0.495,-0.490,-0.483,-0.531,0.000,-0.001,8013,0,14,-14,25,16.590,81.410,305,305,0,0,0
90254,0.108,60000000.000,-0.164,0.030,-0.003,0.007,0.004,0.496,-0.490,-0.483,-0.531,0.000,-0.001,7998,0,15,-14,24,16.590,81.410,305,305,0,0,0
90354,0.108,60000000.000,-0.164,0.050,0.002,0.006,-0.007,0.496,-0.490,-0.483,-0.531,0.000,-0.001,8055,0,15,-14,24,16.590,81.410,305,305,0,0,0
90454,0.110,60000000.000,-0.163,0.030,0.000,0.000,-0.006,0.495,-0.490,-0.483,-0.531,0.000,-0.001,8038,0,15,-14,24,16.590,81.410,305,305,0,0,0
90554,0.110,60000000.000,-0.163,0.020,0.000,-0.007,-0.002,0.495,-0.490,-0.483,-0.531,0.000,-0.001,8021,0,15,-14,24,16.590,81.410,305,305,0,0,0
90654,0.110,60000000.000,-0.163,0.060,0.000,0.003,-0.003,0.495,-0.490,-0.483,-0.531,0.000,-0.001,8037,0,15,-15,25,16.580,81.370,305,305,0,0,0
90754,0.110,60000000.000,-0.161,0.010,0.000,-0.018,-0.008,0.495,-0.490,-0.483,-0.531,0.000,-0.001,8061,0,15,-14,25,16.580,81.370,305,305,0,0,0
90854,0.110,60000000.000,-0.159,0.020,0.001,0.009,-0.004,0.495,-0.490,-0.483,-0.530,0.000,-0.001,8043,0,15,-15,25,16.580,81.370,305,305,0,0,0
90954,0.110,60000000.000,-0.159,0.050,-0.006,-0.011,-0.001,0.495,-0.490,-0.483,-0.530,0.000,-0.001,8023,0,15,-14,24,16.590,81.370,305,305,0,0,0
91054,0.110,60000000.000,-0.156,0.050,0.000,-0.007,0.000,0.495,-0.490,-0.483,-0.530,0.000,-0.000,8028,0,15,-15,24,16.590,81.370,305,305,0,0,0
91154,0.107,60000000.000,-0.158,0.360,-0.030,0.068,0.050,0.495,-0.490,-0.483,-0.530,0.000,-0.001,7788,0,19,-16,24,16.590,81.370,305,305,0,0,0
91254,0.098,60000000.000,-0.207,0.010,0.012,0.140,-0.001,0.500,-0.486,-0.478,-0.534,0.000,-0.001,8025,0,19,-20,24,16.590,81.370,305,305,0,0,0
91354,0.101,60000000.000,-0.257,0.000,-0.033,0.199,0.014,0.504,-0.481,-0.475,-0.537,0.000,-0.002,7924,0,24,-21,24,16.610,81.370,305,305,0,0,0
91454,0.093,60000000.000,-0.332,-0.100,-0.024,0.260,0.010,0.509,-0.476,-0.467,-0.544,0.000,-0.005,7948,0,26,-25,24,16.610,81.370,305,305,0,0,0
91554,0.087,60000000.000,-0.362,-0.060,-0.022,-0.007,0.011,0.512,-0.474,-0.464,-0.547,0.000,-0.006,7929,0,19,-18,24,16.610,81.370,305,305,0,0,0
91654,0.083,60000000.000,-0.367,-0.090,0.017,0.054,-0.002,0.512,-0.474,-0.463,-0.547,0.000,-0.006,7967,0,22,-23,24,16.610,81.370,305,305,0,0,0
91754,0.081,60000000.000,-0.377,-0.010,-0.020,0.003,0.004,0.513,-0.473,-0.462,-0.547,0.000,-0.006,7935,0,22,-20,25,16.600,81.370,305,305,0,0,0
91854,0.076,60000000.000,-0.379,0.010,-0.013,0.016,0.013,0.513,-0.473,-0.461,-0.548,0.000,-0.006,7885,0,22,-22,25,16.600,81.370,305,305,0,0,0
91954,0.070,60000000.000,-0.377,0.040,-0.031,0.001,0.018,0.513,-0.474,-0.461,-0.548,0.000,-0.006,7854,0,23,-21,25,16.600,81.370,305,305,0,0,0
92054,0.064,60000000.000,-0.377,0.030,-0.013,-0.021,0.006,0.513,-0.475,-0.460,-0.548,0.000,-0.007,7899,0,22,-21,25,16.600,81.370,305,305,0,0,0
92154,0.063,60000000.000,-0.370,-0.010,-0.003,-0.032,0.000,0.512,-0.476,-0.460,-0.547,0.000,-0.006,7909,0,21,-21,24,16.610,81.370,305,305,0,0,0
92254,0.061,60000000.000,-0.367,0.000,0.000,0.014,-0.002,0.512,-0.476,-0.460,-0.547,0.000,-0.006,7915,0,23,-23,24,16.610,81.370,305,305,0,0,0
92354,0.060,60000000.000,-0.365,0.050,-0.004,-0.007,-0.001,0.512,-0.477,-0.460,-0.547,0.000,-0.006,7904,0,23,-22,24,16.610,81.370,305,305,0,0,0
92454,0.058,60000000.000,-0.365,0.050,-0.006,-0.008,0.000,0.512,-0.477,-0.460,-0.547,0.000,-0.006,7901,0,23,-22,24,16.610,81.370,305,305,0,0,0
92554,0.057,60000000.000,-0.365,0.030,-0.003,0.010,0.001,0.512,-0.477,-0.460,-0.547,0.000,-0.006,7895,0,24,-24,25,16.580,81.370,305,305,0,0,0
92654,0.055,60000000.000,-0.364,0.010,-0.010,-0.022,0.006,0.512,-0.477,-0.460,-0.547,0.000,-0.006,7861,0,23,-22,25,16.580,81.370,305,305,0,0,0
92754,0.055,60000000.000,-0.358,0.030,0.000,-0.011,0.000,0.511,-0.478,-0.460,-0.546,0.000,-0.006,7891,0,23,-23,25,16.580,81.370,305,305,0,0,0
92854,0.055,60000000.000,-0.356,0.040,-0.001,0.009,-0.001,0.511,-0.478,-0.460,-0.546,0.000,-0.006,7893,0,24,-24,25,16.580,81.370,305,305,0,0,0
92954,0.056,60000000.000,-0.355,0.030,0.004,-0.010,0.000,0.511,-0.478,-0.461,-0.546,0.000,-0.006,7876,0,24,-24,25,16.570,81.370,305,305,0,0,0
93054,0.055,60000000.000,-0.354,0.000,0.007,-0.012,-0.003,0.511,-0.478,-0.461,-0.546,0.000,-0.006,7896,0,24,-24,25,16.570,81.370,305,305,0,0,0
93154,0.056,60000000.000,-0.354,0.010,0.030,-0.008,-0.008,0.511,-0.478,-0.461,-0.546,0.000,-0.006,7916,0,23,-25,25,16.570,81.370,305,305,0,0,0
93254,0.071,60000000.000,-0.356,0.030,0.141,0.026,-0.051,0.513,-0.475,-0.464,-0.545,0.000,-0.006,8143,0,22,-30,25,16.570,81.370,305,305,0,0,0
93354,0.101,60000000.000,-0.383,0.140,0.224,0.199,-0.062,0.518,-0.466,-0.468,-0.544,0.000,-0.006,8223,0,26,-37,25,16.600,81.410,305,305,0,0,0
93454,0.131,60000000.000,-0.409,0.120,0.177,0.013,-0.051,0.523,-0.458,-0.471,-0.543,0.000,-0.007,8274,0,23,-30,25,16.600,81.410,305,305,0,0,0
93554,0.168,60000000.000,-0.417,0.000,0.238,0.013,-0.072,0.527,-0.450,-0.477,-0.541,0.000,0.013,8433,0,21,-32,25,16.600,81.410,305,305,0,0,0
93654,0.205,60000000.000,-0.405,0.030,0.260,-0.059,-0.079,0.530,-0.443,-0.485,-0.536,0.000,0.012,8530,0,20,-31,25,16.600,81.410,305,305,0,0,0
93754,0.248,60000000.000,-0.377,-0.040,0.269,-0.082,-0.074,0.531,-0.437,-0.496,-0.530,0.000,0.011,8589,0,19,-30,25,16.600,81.410,305,305,0,0,0
93854,0.294,60000000.000,-0.360,-0.030,0.239,-0.049,-0.089,0.534,-0.428,-0.507,-0.524,0.000,0.011,8752,0,21,-30,25,16.600,81.370,305,305,0,0,0
93954,0.330,60000000.000,-0.341,0.040,0.191,-0.039,-0.074,0.535,-0.423,-0.514,-0.520,0.000,0.011,8775,0,22,-29,25,16.600,81.370,305,305,0,0,0
94054,0.359,60000000.000,-0.333,0.020,0.170,0.011,-0.053,0.537,-0.417,-0.520,-0.517,0.000,0.010,8766,0,24,-30,25,16.600,81.370,305,305,0,0,0
94154,0.386,60000000.000,-0.327,0.030,0.204,-0.052,-0.057,0.540,-0.411,-0.526,-0.513,0.000,0.010,8851,0,20,-29,25,16.590,81.410,305,305,0,0,0
94254,0.413,60000000.000,-0.306,0.080,0.117,-0.047,-0.038,0.540,-0.407,-0.532,-0.509,0.000,0.010,8833,0,23,-27,25,16.590,81.410,305,305,0,0,0
94354,0.426,60000000.000,-0.290,0.050,0.053,-0.030,-0.018,0.540,-0.405,-0.536,-0.507,0.000,0.009,8806,0,25,-27,25,16.590,81.410,305,305,0,0,0
94454,0.429,60000000.000,-0.282,0.020,0.013,-0.023,-0.001,0.540,-0.405,-0.538,-0.506,0.000,0.009,8764,0,25,-26,25,16.590,81.410,305,305,0,0,0
94554,0.427,60000000.000,-0.276,0.000,0.004,-0.021,0.002,0.540,-0.405,-0.538,-0.505,0.000,0.009,8767,0,25,-26,25,16.590,81.370,305,305,0,0,0
94654,0.426,60000000.000,-0.275,0.020,0.001,0.000,-0.002,0.540,-0.405,-0.538,-0.505,0.000,0.008,8786,0,26,-27,25,16.590,81.370,305,305,0,0,0
94754,0.426,60000000.000,-0.276,0.080,0.006,0.006,-0.009,0.540,-0.405,-0.538,-0.505,0.000,0.009,8806,0,26,-28,25,16.590,81.370,305,305,0,0,0
94854,0.425,60000000.000,-0.271,0.020,-0.001,-0.031,0.000,0.539,-0.406,-0.539,-0.504,0.000,0.008,8769,0,25,-26,25,16.590,81.370,305,305,0,0,0
94954,0.425,60000000.000,-0.270,0.000,0.012,-0.002,-0.006,0.539,-0.406,-0.539,-0.504,0.000,0.008,8797,0,26,-28,24,16.580,81.370,305,305,0,0,0
95054,0.425,60000000.000,-0.270,0.030,-0.001,0.013,-0.002,0.539,-0.406,-0.539,-0.504,0.000,0.008,8784,0,27,-28,24,16.580,81.370,305,305,0,0,0
95154,0.425,60000000.000,-0.267,0.020,-0.007,-0.010,0.003,0.539,-0.406,-0.539,-0.504,0.000,0.008,8757,0,26,-27,24,16.580,81.370,305,305,0,0,0
95254,0.425,60000000.000,-0.269,0.040,0.000,-0.011,0.000,0.539,-0.406,-0.539,-0.504,0.000,0.008,8776,0,26,-27,25,16.580,81.370,305,305,0,0,0
95354,0.425,60000000.000,-0.267,0.030,-0.002,0.007,0.001,0.539,-0.406,-0.539,-0.504,0.000,0.008,8772,0,27,-28,25,16.580,81.370,305,305,0,0,0
95454,0.425,60000000.000,-0.267,0.030,0.000,-0.007,-0.001,0.539,-0.406,-0.539,-0.504,0.000,0.008,8781,0,27,-28,25,16.580,81.370,305,305,0,0,0
95554,0.425,60000000.000,-0.267,0.020,-0.002,-0.003,-0.006,0.539,-0.406,-0.539,-0.504,0.000,0.008,8792,0,27,-28,25,16.580,81.370,305,305,0,0,0
95654,0.425,60000000.000,-0.266,0.030,-0.008,-0.004,0.004,0.539,-0.406,-0.539,-0.504,0.000,0.008,8750,0,28,-28,25,16.580,81.370,305,305,0,0,0
95754,0.425,60000000.000,-0.268,0.020,-0.011,-0.002,0.008,0.539,-0.406,-0.539,-0.504,0.000,0.008,8746,0,28,-29,25,16.580,81.370,305,305,0,0,0
95854,0.425,60000000.000,-0.269,0.030,0.001,0.000,-0.003,0.539,-0.406,-0.539,-0.505,0.000,0.008,8794,0,28,-29,25,16.580,81.370,305,305,0,0,0
95954,0.425,60000000.000,-0.265,0.040,0.000,0.001,0.000,0.539,-0.406,-0.539,-0.504,0.000,0.008,8773,0,28,-30,25,16.580,81.370,305,305,0,0,0
96054,0.425,60000000.000,-0.265,0.020,-0.008,-0.008,0.001,0.539,-0.406,-0.539,-0.504,0.000,0.008,8769,0,28,-29,25,16.580,81.370,305,305,0,0,0
96154,0.425,60000000.000,-0.265,0.020,-0.002,-0.016,0.001,0.539,-0.406,-0.539,-0.504,0.000,0.008,8775,0,28,-29,25,16.580,81.370,305,305,0,0,0
96254,0.425,60000000.000,-0.263,0.010,-0.009,0.000,0.006,0.538,-0.407,-0.539,-0.504,0.000,0.008,8753,0,29,-30,25,16.580,81.370,305,305,0,0,0
96354,0.425,60000000.000,-0.263,0.000,-0.010,0.000,0.006,0.538,-0.407,-0.539,-0.504,0.000,0.008,8755,0,29,-30,25,16.600,81.370,305,305,0,0,0
96454,0.425,60000000.000,-0.263,0.010,-0.004,-0.007,0.000,0.538,-0.407,-0.539,-0.504,0.000,0.008,8775,0,29,-30,25,16.600,81.370,305,305,0,0,0
96554,0.425,60000000.000,-0.262,0.040,0.008,0.000,-0.004,0.538,-0.407,-0.539,-0.504,0.000,0.008,8788,0,29,-31,25,16.600,81.370,305,305,0,0,0
96654,0.425,60000000.000,-0.262,0.020,0.003,0.000,0.000,0.538,-0.407,-0.539,-0.504,0.000,0.008,8774,0,29,-31,25,16.600,81.370,305,305,0,0,0
96754,0.425,60000000.000,-0.262,0.050,0.001,0.003,0.000,0.538,-0.407,-0.539,-0.504,0.000,0.008,8773,0,29,-31,25,16.610,81.370,305,305,0,0,0
96854,0.425,60000000.000,-0.260,0.030,-0.003,-0.026,0.000,0.538,-0.407,-0.539,-0.504,0.000,0.008,8769,0,29,-30,25,16.610,81.370,305,305,0,0,0
96954,0.425,60000000.000,-0.259,0.030,0.000,-0.003,0.000,0.538,-0.407,-0.539,-0.504,0.000,0.008,8769,0,30,-31,25,16.610,81.370,305,305,0,0,0
97054,0.425,60000000.000,-0.259,0.010,0.014,0.007,-0.003,0.538,-0.407,-0.540,-0.504,0.000,0.008,8782,0,30,-31,25,16.600,81.370,305,305,0,0,0
97154,0.425,60000000.000,-0.259,0.040,0.001,-0.009,-0.004,0.538,-0.407,-0.540,-0.504,0.000,0.008,8789,0,30,-31,25,16.600,81.370,305,305,0,0,0
97254,0.425,60000000.000,-0.259,0.060,-0.008,0.006,0.002,0.538,-0.407,-0.540,-0.504,0.000,0.008,8762,0,31,-31,25,16.600,81.370,305,305,0,0,0
97354,0.425,60000000.000,-0.262,0.020,0.004,0.010,-0.007,0.538,-0.407,-0.539,-0.504,0.000,0.008,8800,0,31,-32,25,16.600,81.370,305,305,0,0,0
97454,0.427,60000000.000,-0.263,0.030,0.008,-0.001,-0.010,0.538,-0.406,-0.539,-0.504,0.000,0.008,8809,0,30,-32,25,16.600,81.370,305,305,0,0,0
97554,0.428,60000000.000,-0.262,0.010,-0.007,0.007,0.002,0.538,-0.406,-0.539,-0.504,0.000,0.008,8762,0,31,-32,25,16.600,81.370,305,305,0,0,0
97654,0.428,60000000.000,-0.265,0.040,-0.011,0.000,0.006,0.539,-0.406,-0.539,-0.504,0.000,0.008,8756,0,31,-32,25,16.600,81.370,305,305,0,0,0
97754,0.427,60000000.000,-0.265,0.010,0.002,0.006,-0.003,0.538,-0.406,-0.539,-0.504,0.000,0.008,8791,0,31,-33,25,16.600,81.370,305,305,0,0,0
97854,0.428,60000000.000,-0.266,0.070,-0.001,-0.006,-0.001,0.538,-0.406,-0.539,-0.505,0.000,0.008,8784,0,31,-32,25,16.600,81.370,305,305,0,0,0
97954,0.428,60000000.000,-0.266,0.040,0.000,0.010,0.000,0.538,-0.406,-0.539,-0.505,0.000,0.008,8782,0,32,-33,24,16.600,81.370,305,305,0,0,0
98054,0.428,60000000.000,-0.263,0.040,0.000,-0.021,0.001,0.538,-0.406,-0.539,-0.504,0.000,0.008,8777,0,31,-32,24,16.600,81.370,305,305,0,0,0
98154,0.428,60000000.000,-0.260,0.000,-0.002,-0.012,0.002,0.538,-0.407,-0.540,-0.504,0.000,0.008,8775,0,32,-33,24,16.600,81.370,305,305,0,0,0
98254,0.428,60000000.000,-0.261,0.000,-0.004,0.000,-0.001,0.538,-0.407,-0.539,-0.504,0.000,0.008,8788,0,32,-33,24,16.600,81.370,305,305,0,0,0
98354,0.428,60000000.000,-0.261,0.010,0.000,-0.003,-0.008,0.538,-0.407,-0.539,-0.504,0.000,0.008,8809,0,32,-33,25,16.610,81.370,305,305,0,0,0
98454,0.427,60000000.000,-0.259,0.020,-0.001,-0.006,0.000,0.538,-0.407,-0.540,-0.504,0.000,0.008,8774,0,32,-33,25,16.610,81.370,305,305,0,0,0
98554,0.427,60000000.000,-0.259,0.050,0.001,0.000,0.001,0.538,-0.407,-0.540,-0.504,0.000,0.008,8775,0,33,-34,25,16.610,81.370,305,305,0,0,0
98654,0.427,60000000.000,-0.259,0.030,0.009,-0.004,-0.009,0.538,-0.407,-0.540,-0.504,0.000,0.008,8816,0,32,-34,25,16.610,81.370,305,305,0,0,0
98754,0.427,60000000.000,-0.256,0.010,0.007,-0.007,-0.007,0.537,-0.407,-0.540,-0.504,0.000,0.008,8805,0,33,-34,25,16.590,81.370,305,305,0,0,0
98854,0.428,60000000.000,-0.257,0.040,0.000,0.011,0.004,0.538,-0.407,-0.540,-0.504,0.000,0.008,8783,0,34,-34,25,16.590,81.370,305,305,0,0,0
98954,0.428,60000000.000,-0.257,0.010,0.000,-0.014,0.001,0.538,-0.407,-0.540,-0.504,0.000,0.008,8785,0,33,-34,25,16.590,81.370,305,305,0,0,0
99054,0.428,60000000.000,-0.253,0.020,-0.012,-0.019,0.009,0.537,-0.407,-0.540,-0.504,0.000,0.008,8744,0,33,-34,25,16.590,81.370,305,305,0,0,0
99154,0.421,60000000.000,-0.253,0.100,-0.082,0.009,0.037,0.537,-0.409,-0.539,-0.504,0.000,0.008,8612,0,37,-32,25,16.590,81.370,305,305,0,0,0
99254,0.384,60000000.000,-0.283,0.090,-0.270,0.220,0.103,0.537,-0.414,-0.531,-0.509,0.000,0.008,8300,0,49,-35,25,16.600,81.370,305,305,0,0,0
99354,0.325,60000000.000,-0.350,0.030,-0.423,0.181,0.130,0.538,-0.420,-0.514,-0.518,0.000,0.011,8120,0,51,-31,25,16.600,81.370,305,305,0,0,0
99454,0.246,60000000.000,-0.409,0.030,-0.499,0.143,0.150,0.537,-0.432,-0.495,-0.530,0.000,0.013,7839,0,52,-30,25,16.600,81.370,305,305,0,0,0
99554,0.174,60000000.000,-0.438,0.040,-0.368,0.109,0.101,0.532,-0.444,-0.479,-0.539,0.000,0.014,7908,0,48,-37,25,16.600,81.370,305,305,0,0,0
99654,0.136,60000000.000,-0.453,0.000,-0.163,-0.020,0.047,0.530,-0.451,-0.470,-0.543,0.000,0.014,7974,0,40,-37,25,16.590,81.370,305,305,0,0,0
99754,0.106,60000000.000,-0.452,-0.030,-0.060,-0.027,0.019,0.528,-0.455,-0.466,-0.545,0.000,-0.009,7971,0,39,-40,25,16.590,81.370,305,305,0,0,0
99854,0.099,60000000.000,-0.447,0.020,-0.022,0.041,0.001,0.528,-0.457,-0.466,-0.544,0.000,-0.009,8012,0,42,-42,25,16.590,81.370,305,305,0,0,0
99954,0.098,60000000.000,-0.450,0.030,0.002,-0.003,-0.006,0.528,-0.456,-0.465,-0.545,0.000,-0.009,8019,0,40,-41,25,16.590,81.370,305,305,0,0,0
100054,0.096,60000000.000,-0.454,0.050,0.011,0.001,-0.003,0.528,-0.456,-0.465,-0.545,0.000,-0.010,7998,0,41,-41,25,16.590,81.370,305,305,0,0,0
100154,0.095,60000000.000,-0.454,0.000,-0.003,-0.022,-0.004,0.528,-0.456,-0.465,-0.545,0.000,-0.010,7995,0,41,-40,25,16.590,81.370,305,305,0,0,0
100254,0.095,60000000.000,-0.447,0.030,0.019,-0.001,-0.006,0.528,-0.456,-0.466,-0.544,0.000,-0.009,7999,0,42,-42,25,16.590,81.370,305,305,0,0,0
100354,0.094,60000000.000,-0.449,0.020,0.016,0.006,-0.007,0.528,-0.456,-0.466,-0.544,0.000,-0.009,8002,0,42,-43,24,16.590,81.370,305,305,0,0,0
100454,0.093,60000000.000,-0.451,0.060,-0.011,0.002,0.001,0.529,-0.456,-0.465,-0.544,0.000,-0.009,7974,0,43,-42,24,16.590,81.370,305,305,0,0,0
100554,0.092,60000000.000,-0.447,0.040,-0.018,-0.002,0.008,0.528,-0.457,-0.466,-0.544,0.000,-0.009,7943,0,43,-42,24,16.590,81.370,305,305,0,0,0
100654,0.091,60000000.000,-0.442,0.000,-0.021,-0.021,0.002,0.527,-0.458,-0.466,-0.544,0.000,-0.009,7962,0,43,-42,24,16.590,81.370,305,305,0,0,0
100754,0.088,60000000.000,-0.443,0.030,-0.002,0.002,0.001,0.527,-0.458,-0.465,-0.544,0.000,-0.009,7966,0,43,-43,25,16.590,81.370,305,305,0,0,0
100854,0.088,60000000.000,-0.443,0.010,0.006,0.012,-0.004,0.527,-0.458,-0.465,-0.544,0.000,-0.009,7987,0,44,-44,25,16.590,81.370,305,305,0,0,0
100954,0.087,60000000.000,-0.442,0.010,0.000,0.007,-0.002,0.527,-0.458,-0.465,-0.544,0.000,-0.009,7971,0,44,-44,25,16.590,81.370,305,305,0,0,0
101054,0.086,60000000.000,-0.445,0.040,0.003,0.006,-0.006,0.528,-0.458,-0.465,-0.544,0.000,-0.009,7983,0,44,-44,25,16.610,81.370,305,305,0,0,0
101154,0.091,60000000.000,-0.448,0.030,0.018,0.003,-0.011,0.528,-0.457,-0.465,-0.544,0.000,-0.009,8015,0,44,-45,25,16.610,81.370,305,305,0,0,0
101254,0.091,60000000.000,-0.448,0.060,0.009,-0.011,-0.003,0.529,-0.456,-0.466,-0.543,0.000,-0.009,7979,0,44,-44,25,16.610,81.370,305,305,0,0,0
101354,0.092,60000000.000,-0.444,0.030,0.002,-0.010,-0.001,0.528,-0.457,-0.466,-0.543,0.000,-0.009,7973,0,45,-44,25,16.610,81.370,305,305,0,0,0
101454,0.091,60000000.000,-0.433,0.010,0.018,-0.063,-0.009,0.528,-0.458,-0.467,-0.542,0.000,-0.009,8012,0,43,-44,25,16.600,81.370,305,305,0,0,0
101554,0.099,60000000.000,-0.409,0.030,0.028,-0.083,-0.023,0.526,-0.459,-0.470,-0.540,0.000,-0.008,8089,0,42,-43,25,16.600,81.370,305,305,0,0,0
101654,0.114,60000000.000,-0.386,0.020,-0.016,-0.096,-0.013,0.524,-0.460,-0.473,-0.539,0.000,0.010,8059,0,43,-41,25,16.600,81.370,305,305,0,0,0
101754,0.106,60000000.000,-0.357,0.020,-0.114,-0.209,0.018,0.520,-0.464,-0.474,-0.538,0.000,-0.005,7913,0,42,-35,25,16.600,81.370,305,305,0,0,0
101854,0.090,60000000.000,-0.306,0.060,-0.071,-0.050,0.023,0.514,-0.473,-0.475,-0.535,0.000,-0.004,7901,0,45,-43,25,16.610,81.370,305,305,0,0,0
101954,0.085,60000000.000,-0.307,0.080,-0.003,0.003,-0.002,0.514,-0.473,-0.474,-0.536,0.000,-0.004,7987,0,43,-44,25,16.610,81.370,305,305,0,0,0
102054,0.084,60000000.000,-0.304,0.040,-0.007,-0.036,-0.001,0.513,-0.474,-0.474,-0.536,0.000,-0.004,7941,0,43,-42,25,16.610,81.370,305,305,0,0,0
102154,0.083,60000000.000,-0.296,0.040,-0.010,-0.023,0.007,0.513,-0.475,-0.474,-0.535,0.000,-0.004,7931,0,43,-43,25,16.600,81.370,305,305,0,0,0
102254,0.082,60000000.000,-0.292,0.010,-0.006,0.006,0.000,0.512,-0.476,-0.474,-0.535,0.000,-0.004,7966,0,44,-44,25,16.600,81.370,305,305,0,0,0
102354,0.081,60000000.000,-0.291,0.000,-0.027,-0.009,0.002,0.511,-0.476,-0.474,-0.536,0.000,-0.004,7945,0,45,-43,25,16.600,81.370,305,305,0,0,0
102454,0.080,60000000.000,-0.294,0.010,-0.003,0.009,0.004,0.512,-0.476,-0.473,-0.536,0.000,-0.004,7926,0,45,-44,25,16.600,81.370,305,305,0,0,0
102554,0.078,60000000.000,-0.296,0.040,0.000,-0.009,-0.001,0.512,-0.476,-0.473,-0.536,0.000,-0.004,7956,0,44,-44,25,16.600,81.370,305,305,0,0,0
102654,0.078,60000000.000,-0.292,0.010,-0.004,-0.008,0.002,0.512,-0.477,-0.473,-0.536,0.000,-0.004,7933,0,45,-44,25,16.600,81.370,305,305,0,0,0
102754,0.078,60000000.000,-0.292,0.020,0.002,0.007,0.000,0.512,-0.477,-0.473,-0.536,0.000,-0.004,7961,0,45,-45,25,16.600,81.370,305,305,0,0,0
102854,0.077,60000000.000,-0.295,0.040,0.003,-0.009,-0.004,0.512,-0.476,-0.473,-0.536,0.000,-0.004,7957,0,45,-45,25,16.600,81.370,305,305,0,0,0
102954,0.075,60000000.000,-0.294,0.000,0.003,-0.008,-0.001,0.512,-0.477,-0.473,-0.536,0.000,-0.004,7929,0,45,-45,25,16.600,81.370,305,305,0,0,0
103054,0.075,60000000.000,-0.294,0.010,0.000,0.006,0.000,0.512,-0.477,-0.473,-0.536,0.000,-0.004,7937,0,46,-45,25,16.600,81.370,305,305,0,0,0
103154,0.075,60000000.000,-0.294,0.040,0.003,0.001,-0.006,0.512,-0.477,-0.473,-0.536,0.000,-0.004,7960,0,46,-46,25,16.600,81.370,305,305,0,0,0
103254,0.075,60000000.000,-0.294,0.060,0.002,0.011,-0.001,0.512,-0.477,-0.473,-0.536,0.000,-0.004,7939,0,46,-46,25,16.600,81.370,305,305,0,0,0
103354,0.076,60000000.000,-0.296,0.030,-0.007,0.020,0.007,0.512,-0.476,-0.473,-0.536,0.000,-0.004,7908,0,47,-46,25,16.590,81.370,305,305,0,0,0
103454,0.075,60000000.000,-0.299,0.060,-0.003,0.011,0.000,0.512,-0.476,-0.473,-0.536,0.000,-0.004,7952,0,46,-46,25,16.590,81.370,305,305,0,0,0
103554,0.075,60000000.000,-0.299,-0.010,-0.001,-0.003,-0.003,0.512,-0.476,-0.473,-0.536,0.000,-0.004,7951,0,46,-46,25,16.590,81.370,305,305,0,0,0
103654,0.075,60000000.000,-0.301,0.010,-0.017,0.007,0.004,0.512,-0.476,-0.472,-0.536,0.000,-0.004,7915,0,47,-45,25,16.590,81.370,305,305,0,0,0
103754,0.075,60000000.000,-0.302,0.030,-0.001,0.014,0.000,0.512,-0.476,-0.472,-0.537,0.000,-0.004,7944,0,47,-46,25,16.580,81.370,305,305,0,0,0
103854,0.075,60000000.000,-0.299,0.040,-0.009,-0.010,0.000,0.512,-0.477,-0.472,-0.536,0.000,-0.004,7940,0,46,-45,25,16.580,81.370,305,305,0,0,0
103954,0.071,60000000.000,-0.298,0.000,-0.064,-0.016,0.021,0.511,-0.477,-0.472,-0.537,0.000,-0.004,7836,0,48,-43,25,16.580,81.370,305,305,0,0,0
104054,0.053,60000000.000,-0.301,0.020,-0.101,0.014,0.053,0.511,-0.480,-0.468,-0.538,0.000,-0.004,7671,0,49,-44,25,16.580,81.370,305,305,0,0,0
104154,0.023,59899624.000,-0.307,0.010,-0.120,0.031,0.068,0.510,-0.484,-0.463,-0.539,0.000,-0.005,7560,0,50,-43,25,16.580,81.370,305,305,0,0,0
104254,-0.015,59637560.000,-0.308,0.080,-0.158,-0.043,0.083,0.509,-0.489,-0.457,-0.541,0.000,-0.005,7385,0,48,-41,25,16.580,81.370,305,305,0,0,0
104354,-0.056,59210344.000,-0.293,-0.060,-0.180,-0.050,0.099,0.506,-0.497,-0.452,-0.541,0.000,-0.005,7177,0,49,-40,25,16.580,81.370,305,305,0,0,0
104454,-0.107,58543284.000,-0.282,0.010,-0.113,0.032,0.108,0.505,-0.504,-0.446,-0.541,0.000,-0.005,6975,0,49,-45,25,16.580,81.370,305,305,0,0,0
104554,-0.151,57730332.000,-0.304,0.060,-0.071,0.074,0.083,0.507,-0.506,-0.438,-0.542,0.000,-0.007,6913,0,49,-46,25,16.590,81.370,305,305,0,0,0
104654,-0.196,56794332.000,-0.321,0.080,-0.089,0.032,0.122,0.509,-0.509,-0.433,-0.543,0.000,-0.008,6483,0,49,-45,25,16.590,81.370,305,305,0,0,0
104754,-0.248,55579108.000,-0.339,-0.090,-0.098,0.066,0.138,0.512,-0.512,-0.426,-0.543,0.000,-0.009,6173,0,51,-46,25,16.590,81.370,305,305,0,0,0
104854,-0.304,54129068.000,-0.353,0.060,-0.062,0.049,0.098,0.514,-0.515,-0.419,-0.543,0.000,-0.011,6176,0,49,-47,25,16.590,81.370,305,305,0,0,0
104954,-0.325,52818008.000,-0.358,0.050,-0.003,-0.016,0.023,0.515,-0.517,-0.416,-0.543,0.000,-0.011,6321,0,46,-46,25,16.590,81.370,305,305,0,0,0
105054,-0.324,51689140.000,-0.356,0.020,0.012,-0.003,-0.012,0.515,-0.517,-0.417,-0.542,0.000,-0.011,6319,0,47,-47,25,16.590,81.370,305,305,0,0,0
105154,-0.317,50633756.000,-0.356,0.000,0.013,0.009,-0.017,0.515,-0.516,-0.417,-0.542,0.000,-0.011,6228,0,48,-47,25,16.590,81.370,305,305,0,0,0
105254,-0.312,49581892.000,-0.361,0.030,0.010,0.026,-0.010,0.515,-0.515,-0.417,-0.543,0.000,-0.011,6118,0,48,-48,25,16.590,81.370,305,305,0,0,0
105354,-0.307,48546632.000,-0.368,0.060,0.013,0.008,-0.014,0.516,-0.514,-0.418,-0.544,0.000,-0.011,6082,0,48,-47,25,16.590,81.370,305,305,0,0,0
105454,-0.302,47532348.000,-0.368,0.020,0.004,0.012,-0.007,0.516,-0.514,-0.418,-0.544,0.000,-0.011,5962,0,48,-47,25,16.590,81.370,305,305,0,0,0
105554,-0.303,46485180.000,-0.375,0.000,0.000,0.029,0.000,0.516,-0.513,-0.417,-0.544,0.000,-0.012,5848,0,49,-48,25,16.590,81.370,305,305,0,0,0
105654,-0.303,45445724.000,-0.382,0.010,0.002,0.022,-0.008,0.517,-0.512,-0.417,-0.545,0.000,-0.012,5802,0,49,-48,25,16.590,81.370,305,305,0,0,0
105754,-0.298,44435648.000,-0.383,0.040,0.013,0.003,-0.014,0.516,-0.512,-0.417,-0.545,0.000,-0.012,5770,0,48,-48,25,16.590,81.370,305,305,0,0,0
105854,-0.294,43444368.000,-0.390,0.010,0.006,0.012,-0.008,0.517,-0.511,-0.417,-0.546,0.000,-0.012,5652,0,48,-48,25,16.590,81.370,305,305,0,0,0
105954,-0.291,42453860.000,-0.390,0.000,0.010,0.020,-0.013,0.517,-0.510,-0.417,-0.546,0.000,-0.012,5609,0,49,-48,25,16.590,81.370,305,305,0,0,0
106054,-0.286,41489240.000,-0.398,0.010,0.009,0.003,-0.018,0.517,-0.509,-0.417,-0.547,0.000,-0.013,5573,0,48,-48,25,16.590,81.370,305,305,0,0,0
106154,-0.282,40544296.000,-0.415,0.010,0.027,0.173,-0.018,0.518,-0.507,-0.416,-0.548,0.000,-0.013,5504,0,53,-54,25,16.600,81.370,305,305,0,0,0
106254,-0.276,39620212.000,-0.476,0.020,0.046,0.276,-0.014,0.523,-0.500,-0.412,-0.553,0.000,-0.017,5417,0,56,-58,25,16.600,81.370,305,305,0,0,0
106354,-0.260,38794700.000,-0.561,-0.010,0.080,0.234,-0.039,0.530,-0.490,-0.407,-0.560,0.000,-0.022,5534,0,54,-58,25,16.600,81.370,305,305,0,0,0
106454,-0.247,38014364.000,-0.630,-0.040,0.067,0.252,-0.032,0.535,-0.481,-0.404,-0.565,0.000,-0.026,5462,0,57,-60,25,16.600,81.370,305,305,0,0,0
106554,-0.229,37296476.000,-0.710,0.110,0.143,0.318,-0.053,0.543,-0.470,-0.400,-0.570,0.000,-0.032,5617,0,58,-66,25,16.600,81.370,305,305,0,0,0
106654,-0.209,36657192.000,-0.784,-0.010,0.100,0.199,-0.028,0.550,-0.458,-0.397,-0.575,0.000,-0.039,5444,0,56,-61,25,16.600,81.370,305,305,0,0,0
106754,-0.194,36029380.000,-0.841,0.000,0.111,0.292,-0.021,0.555,-0.450,-0.395,-0.578,0.000,-0.044,5421,0,62,-67,25,16.600,81.370,305,305,0,0,0
106854,-0.180,35448592.000,-0.909,0.030,0.087,0.216,-0.024,0.561,-0.440,-0.391,-0.582,0.000,-0.050,5440,0,60,-65,25,16.590,81.370,305,305,0,0,0
106954,-0.166,34938668.000,-0.961,-0.010,0.080,0.139,-0.017,0.566,-0.431,-0.389,-0.585,0.000,-0.056,5369,0,59,-64,25,16.590,81.370,305,305,0,0,0
107054,-0.158,34385768.000,-0.972,0.040,0.058,-0.006,0.000,0.568,-0.428,-0.390,-0.585,0.000,-0.057,5291,0,57,-60,25,16.590,81.370,305,305,0,0,0
107154,-0.153,33862116.000,-0.964,0.020,0.026,-0.046,-0.007,0.568,-0.428,-0.392,-0.584,0.000,-0.056,5307,0,57,-59,25,16.590,81.370,305,305,0,0,0
107254,-0.150,33354702.000,-0.954,0.000,0.003,-0.041,-0.001,0.568,-0.429,-0.393,-0.582,0.000,-0.055,5222,0,57,-59,25,16.580,81.370,305,305,0,0,0
107354,-0.149,32830404.000,-0.945,0.010,0.000,-0.021,-0.001,0.567,-0.430,-0.394,-0.582,0.000,-0.054,5171,0,58,-59,25,16.580,81.370,305,305,0,0,0
107454,-0.149,32318506.000,-0.942,0.000,0.000,-0.001,-0.008,0.567,-0.430,-0.394,-0.581,0.000,-0.053,5179,0,58,-60,25,16.580,81.370,305,305,0,0,0
107554,-0.149,31807100.000,-0.940,0.040,-0.004,-0.008,0.001,0.567,-0.430,-0.395,-0.581,0.000,-0.053,5062,0,58,-60,25,16.610,81.370,305,305,0,0,0
107654,-0.150,31276462.000,-0.939,0.020,-0.016,-0.022,0.000,0.566,-0.431,-0.395,-0.581,0.000,-0.053,5026,0,57,-59,25,16.610,81.370,305,305,0,0,0
107754,-0.151,30750420.000,-0.937,0.000,-0.019,-0.007,0.002,0.566,-0.431,-0.394,-0.581,0.000,-0.053,4945,0,58,-59,25,16.610,81.370,305,305,0,0,0
107854,-0.152,30223144.000,-0.937,0.010,-0.007,-0.008,0.000,0.566,-0.431,-0.394,-0.581,0.000,-0.053,4906,0,57,-60,25,16.610,81.370,305,305,0,0,0
107954,-0.153,29683670.000,-0.937,0.010,-0.003,-0.010,0.000,0.566,-0.432,-0.394,-0.581,0.000,-0.053,4858,0,57,-60,25,16.580,81.370,305,305,0,0,0
108054,-0.153,29153098.000,-0.935,0.020,0.002,0.014,0.000,0.566,-0.432,-0.394,-0.581,0.000,-0.053,4787,0,58,-61,25,16.580,81.370,305,305,0,0,0
108154,-0.153,28614644.000,-0.937,0.010,-0.004,-0.012,0.004,0.566,-0.432,-0.394,-0.581,0.000,-0.053,4702,0,57,-59,25,16.580,81.370,305,305,0,0,0
108254,-0.153,28073150.000,-0.936,0.030,0.003,-0.004,0.000,0.566,-0.432,-0.394,-0.581,0.000,-0.053,4688,0,57,-60,25,16.580,81.370,305,305,0,0,0
108354,-0.153,27548936.000,-0.935,0.040,-0.006,-0.008,-0.007,0.566,-0.432,-0.394,-0.581,0.000,-0.053,4675,0,57,-60,25,16.590,81.370,305,305,0,0,0
108454,-0.153,27022700.000,-0.935,0.030,0.000,-0.001,0.002,0.566,-0.432,-0.394,-0.581,0.000,-0.053,4542,0,57,-60,25,16.590,81.370,305,305,0,0,0
108554,-0.154,26483848.000,-0.937,0.070,0.001,0.014,0.000,0.566,-0.432,-0.394,-0.582,0.000,-0.053,4504,0,58,-61,25,16.590,81.370,305,305,0,0,0
108654,-0.154,25953736.000,-0.935,0.040,-0.016,-0.002,0.000,0.566,-0.432,-0.394,-0.582,0.000,-0.053,4436,0,58,-60,25,16.590,81.370,305,305,0,0,0
108754,-0.154,25420120.000,-0.934,0.030,-0.004,-0.018,0.000,0.565,-0.432,-0.394,-0.581,0.000,-0.053,4377,0,57,-59,25,16.580,81.370,305,305,0,0,0
108854,-0.156,24879602.000,-0.937,0.040,-0.007,0.033,-0.003,0.565,-0.432,-0.393,-0.582,0.000,-0.053,4340,0,58,-61,25,16.580,81.370,305,305,0,0,0
108954,-0.157,24337874.000,-0.938,0.050,-0.004,-0.017,-0.002,0.565,-0.432,-0.393,-0.582,0.000,-0.053,4266,0,57,-60,25,16.580,81.370,305,305,0,0,0
109054,-0.157,23794186.000,-0.933,0.030,-0.014,-0.021,-0.002,0.565,-0.433,-0.394,-0.582,0.000,-0.052,4203,0,57,-59,25,16.580,81.370,305,305,0,0,0
109154,-0.157,23250862.000,-0.929,0.050,-0.007,-0.017,-0.006,0.565,-0.433,-0.394,-0.582,0.000,-0.052,4160,0,57,-60,25,16.600,81.370,305,305,0,0,0
109254,-0.156,22725362.000,-0.923,0.000,0.003,-0.023,-0.008,0.564,-0.434,-0.394,-0.581,0.000,-0.051,4107,0,56,-60,25,16.600,81.370,305,305,0,0,0
109354,-0.156,22199538.000,-0.923,0.070,0.000,0.003,-0.002,0.564,-0.434,-0.394,-0.581,0.000,-0.051,3985,0,57,-60,25,16.600,81.370,305,305,0,0,0
109454,-0.156,21665238.000,-0.923,0.040,0.000,0.007,-0.003,0.564,-0.434,-0.394,-0.581,0.000,-0.051,3933,0,57,-60,25,16.600,81.370,305,305,0,0,0
109554,-0.156,21134160.000,-0.921,0.020,-0.009,-0.020,0.000,0.564,-0.434,-0.395,-0.581,0.000,-0.051,3842,0,57,-59,25,16.600,81.370,305,305,0,0,0
109654,-0.156,20587436.000,-0.920,0.070,-0.008,0.000,0.002,0.564,-0.435,-0.395,-0.581,0.000,-0.051,3767,0,57,-60,25,16.600,81.370,305,305,0,0,0
109754,-0.156,20045878.000,-0.918,0.040,0.000,-0.003,0.000,0.564,-0.435,-0.395,-0.581,0.000,-0.051,3710,0,57,-60,25,16.600,81.370,305,305,0,0,0
109854,-0.156,19503836.000,-0.917,0.030,-0.013,0.000,0.000,0.563,-0.435,-0.395,-0.581,0.000,-0.051,3637,0,57,-60,25,16.600,81.370,305,305,0,0,0
109954,-0.157,18966316.000,-0.918,0.030,-0.004,0.000,-0.002,0.563,-0.435,-0.395,-0.581,0.000,-0.051,3571,0,57,-60,25,16.610,81.370,305,305,0,0,0
110054,-0.156,18427564.000,-0.917,0.060,-0.014,-0.019,0.000,0.563,-0.435,-0.395,-0.581,0.000,-0.051,3471,0,57,-59,25,16.610,81.370,305,305,0,0,0
110154,-0.156,17882544.000,-0.910,0.040,-0.002,-0.021,0.000,0.563,-0.436,-0.395,-0.581,0.000,-0.050,3398,0,56,-59,25,16.610,81.370,305,305,0,0,0
110254,-0.156,17336808.000,-0.909,0.040,-0.002,-0.004,0.000,0.563,-0.436,-0.395,-0.580,0.000,-0.050,3327,0,57,-60,25,16.610,81.370,305,305,0,0,0
110354,-0.156,16793708.000,-0.909,0.030,0.000,-0.018,-0.002,0.563,-0.436,-0.396,-0.580,0.000,-0.050,3267,0,56,-59,25,16.600,81.370,305,305,0,0,0
110454,-0.156,16246103.000,-0.907,0.020,0.008,0.007,0.000,0.563,-0.436,-0.396,-0.580,0.000,-0.050,3168,0,56,-60,25,16.600,81.370,305,305,0,0,0
110554,-0.156,15646914.000,-0.906,0.010,0.000,-0.011,-0.001,0.562,-0.436,-0.396,-0.580,0.000,-0.050,3083,0,56,-60,25,16.600,81.370,305,305,0,0,0
110654,-0.156,15162057.000,-0.906,0.030,-0.001,0.006,-0.003,0.562,-0.436,-0.396,-0.580,0.000,-0.050,3024,0,57,-60,25,16.600,81.370,305,305,0,0,0
110754,-0.155,14626175.000,-0.907,0.020,0.001,0.011,-0.004,0.563,-0.436,-0.396,-0.580,0.000,-0.050,2951,0,57,-60,25,16.590,81.370,305,305,0,0,0
110854,-0.156,14088546.000,-0.907,0.010,0.000,0.000,-0.003,0.562,-0.436,-0.396,-0.580,0.000,-0.050,2806,0,56,-60,25,16.590,81.370,305,305,0,0,0
110954,-0.157,13548286.000,-0.906,0.000,-0.016,-0.007,-0.004,0.562,-0.437,-0.396,-0.580,0.000,-0.049,2745,0,57,-59,25,16.590,81.370,305,305,0,0,0
111054,-0.158,13012751.000,-0.910,0.040,-0.002,0.018,-0.002,0.562,-0.436,-0.395,-0.581,0.000,-0.050,2589,0,57,-61,25,16.590,81.370,305,305,0,0,0
111154,-0.157,12466041.000,-0.908,0.040,-0.003,-0.021,0.006,0.562,-0.436,-0.395,-0.581,0.000,-0.050,2384,0,56,-59,25,16.590,81.370,305,305,0,0,0
111254,-0.157,11848812.000,-0.902,0.040,-0.007,-0.022,0.003,0.562,-0.437,-0.396,-0.580,0.000,-0.049,2326,0,56,-59,25,16.610,81.370,305,83333,0,0,0
111354,-0.156,11351419.000,-0.900,0.030,0.022,-0.018,-0.002,0.562,-0.437,-0.396,-0.580,0.000,-0.049,2310,0,55,-60,25,16.610,81.370,305,83333,0,0,0
111454,-0.155,10810900.000,-0.887,0.010,-0.016,-0.121,0.000,0.561,-0.438,-0.398,-0.579,0.000,-0.047,2151,0,53,-55,25,16.610,81.370,305,83333,0,0,0
111554,-0.150,10279632.000,-0.840,0.020,0.030,-0.257,-0.011,0.558,-0.443,-0.402,-0.575,0.000,-0.042,2346,0,46,-52,25,16.610,81.370,305,83333,0,0,0
111654,-0.131,9850479.000,-0.758,0.030,0.038,-0.280,-0.030,0.552,-0.450,-0.412,-0.568,0.000,-0.035,2596,0,47,-51,25,16.570,81.370,305,305,0,0,0
111754,-0.117,9510497.000,-0.697,0.060,0.000,-0.182,-0.012,0.547,-0.455,-0.419,-0.564,0.000,-0.029,2281,0,49,-52,25,16.570,81.370,305,305,0,0,0
111854,-0.115,9125797.000,-0.659,0.040,-0.006,-0.103,0.002,0.544,-0.459,-0.423,-0.561,0.000,-0.026,2025,0,50,-53,25,16.570,81.370,305,305,0,0,0
111954,-0.115,8671384.000,-0.642,0.020,0.000,-0.019,0.000,0.543,-0.461,-0.424,-0.559,0.000,-0.025,2026,0,51,-55,25,16.570,81.370,305,305,0,0,0
112054,-0.115,8325564.000,-0.638,0.040,-0.001,-0.002,-0.002,0.543,-0.461,-0.425,-0.559,0.000,-0.025,1931,0,51,-55,25,16.590,81.370,305,305,0,0,0
112154,-0.115,7939045.000,-0.637,0.040,-0.004,-0.023,0.001,0.543,-0.461,-0.425,-0.559,0.000,-0.025,1743,0,51,-53,25,16.590,81.370,305,305,0,0,0
112254,-0.116,7527157.500,-0.636,0.050,0.000,0.000,0.000,0.543,-0.462,-0.424,-0.559,0.000,-0.025,1652,0,51,-54,25,16.590,81.370,305,305,0,0,0
112354,-0.117,7124528.500,-0.631,0.060,-0.010,-0.037,-0.001,0.542,-0.462,-0.425,-0.559,0.000,-0.024,1571,0,50,-53,25,16.590,81.370,305,305,0,0,0
112454,-0.117,6732609.500,-0.618,0.010,-0.011,-0.039,-0.004,0.541,-0.464,-0.426,-0.558,0.000,-0.023,1502,0,50,-53,25,16.610,81.370,305,305,0,0,0
112554,-0.117,6346477.000,-0.615,0.020,0.004,0.009,-0.007,0.541,-0.464,-0.426,-0.557,0.000,-0.023,1395,0,51,-55,25,16.610,81.370,305,305,0,0,0
112654,-0.113,5941458.500,-0.612,0.020,0.010,-0.033,-0.008,0.541,-0.464,-0.427,-0.557,0.000,-0.023,1316,0,49,-53,25,16.610,81.370,305,305,0,0,0
112754,-0.112,5609211.000,-0.597,0.020,0.008,-0.121,-0.008,0.539,-0.465,-0.428,-0.556,0.000,-0.022,1220,0,46,-50,25,16.610,81.370,305,305,0,0,0
112854,-0.102,5285776.500,-0.558,0.000,0.074,-0.196,-0.031,0.537,-0.468,-0.433,-0.552,0.000,-0.019,1817,0,42,-50,25,16.580,81.370,305,305,0,0,0
112954,-0.074,5134398.500,-0.469,-0.050,0.066,-0.499,-0.048,0.531,-0.473,-0.445,-0.544,0.000,-0.012,2179,0,33,-37,25,16.580,81.370,305,305,0,0,0
113054,-0.051,5080879.500,-0.338,0.060,0.031,-0.327,-0.053,0.521,-0.483,-0.459,-0.534,0.000,-0.007,2445,0,39,-43,25,16.580,81.370,305,305,0,0,0
113154,-0.039,5046314.000,-0.272,0.040,-0.012,-0.120,-0.017,0.515,-0.488,-0.465,-0.530,0.000,-0.004,1957,0,44,-45,25,16.600,81.370,305,305,0,0,0
113254,-0.056,4780014.000,-0.275,0.000,-0.307,0.188,0.110,0.513,-0.492,-0.461,-0.532,0.000,-0.005,0,2356,61,-44,25,16.600,81.370,305,305,0,0,0
113354,-0.145,3819722.750,-0.286,-0.070,-0.584,-0.199,0.224,0.505,-0.509,-0.439,-0.541,0.000,-0.006,0,3979,50,-26,25,16.600,81.370,305,305,0,0,0
113454,-0.207,2671600.500,-0.266,0.170,0.030,0.151,0.002,0.500,-0.519,-0.432,-0.542,0.000,-0.006,0,1322,43,-60,25,16.600,81.370,305,305,0,0,0
113554,-0.152,2393276.000,-0.304,0.100,0.399,-0.041,-0.177,0.507,-0.507,-0.439,-0.542,0.000,-0.006,2911,0,30,-57,25,16.600,81.370,305,305,0,0,0
113654,-0.055,2772631.750,-0.252,0.030,0.321,-0.163,-0.177,0.508,-0.497,-0.460,-0.533,0.000,-0.004,2743,0,40,-48,25,16.600,81.370,305,305,0,0,0
113754,-0.034,2852541.500,-0.303,0.010,-0.047,0.084,-0.008,0.511,-0.489,-0.458,-0.538,0.000,-0.005,0,175,49,-45,25,16.600,81.370,305,305,0,0,0
113854,-0.042,2664764.500,-0.237,0.080,-0.017,-0.003,0.033,0.507,-0.496,-0.463,-0.532,0.000,-0.003,0,1229,47,-48,25,16.590,81.370,305,305,0,0,0
113954,-0.049,2450866.500,-0.270,-0.010,-0.013,-0.041,-0.002,0.509,-0.494,-0.459,-0.535,0.000,-0.004,1058,0,42,-44,25,16.590,81.370,305,305,0,0,0
114054,-0.042,2350835.500,-0.269,-0.010,-0.019,0.101,0.000,0.509,-0.494,-0.459,-0.535,0.000,-0.004,580,0,48,-49,25,16.590,81.370,305,305,0,0,0
114154,-0.046,2171625.750,-0.295,0.030,-0.016,0.069,0.012,0.510,-0.492,-0.457,-0.538,0.000,-0.005,0,730,46,-48,25,16.590,81.370,305,305,0,0,0
114254,-0.047,1998569.500,-0.310,0.020,0.000,0.040,0.000,0.511,-0.491,-0.455,-0.539,0.000,-0.006,431,0,46,-48,25,16.590,81.370,305,305,0,0,0
114354,-0.048,1840338.125,-0.321,0.050,-0.003,0.017,-0.002,0.512,-0.490,-0.454,-0.540,0.000,-0.006,0,153,45,-48,25,16.590,81.370,305,305,0,0,0
114454,-0.049,1671547.125,-0.323,0.000,-0.002,0.001,0.006,0.512,-0.490,-0.454,-0.540,0.000,-0.006,0,881,45,-48,25,16.590,81.370,305,305,0,0,0
114554,-0.050,1492857.250,-0.331,0.010,-0.002,0.069,0.000,0.513,-0.489,-0.453,-0.540,0.000,-0.006,0,672,47,-50,25,16.600,81.370,305,305,0,0,0
114654,-0.051,1311226.125,-0.344,0.070,-0.004,-0.052,0.000,0.514,-0.488,-0.452,-0.541,0.000,-0.007,0,826,43,-46,25,16.600,81.370,305,305,0,0,0
114754,-0.051,1130426.625,-0.332,0.020,-0.001,0.042,0.000,0.513,-0.489,-0.453,-0.541,0.000,-0.007,0,952,48,-50,25,16.600,81.370,305,305,0,0,0
114854,-0.051,948086.125,-0.344,0.060,0.001,0.000,0.000,0.514,-0.488,-0.452,-0.541,0.000,-0.007,0,1040,45,-48,25,16.600,81.370,305,305,0,0,0
114954,-0.052,773939.562,-0.346,0.010,-0.001,0.030,0.003,0.514,-0.488,-0.452,-0.542,0.000,-0.007,0,1289,47,-49,25,16.570,81.370,305,305,0,0,0
115054,-0.053,590436.125,-0.356,0.010,0.002,0.016,0.000,0.515,-0.487,-0.451,-0.542,0.000,-0.007,0,1253,46,-49,25,16.570,81.370,305,305,0,0,0
115154,-0.054,394597.562,-0.358,0.020,0.007,-0.016,0.000,0.515,-0.487,-0.451,-0.542,0.000,-0.007,0,1299,45,-48,25,16.570,81.370,305,305,0,0,0
115254,-0.055,202824.000,-0.336,0.010,-0.001,-0.042,0.000,0.514,-0.489,-0.452,-0.541,0.000,-0.007,0,1387,45,-48,25,16.570,81.370,305,305,0,0,0
115354,-0.055,27590.381,-0.354,0.020,0.002,0.067,-0.009,0.515,-0.487,-0.451,-0.542,0.000,-0.007,0,1263,47,-50,25,16.580,81.370,305,305,0,0,0
115454,-0.051,-121986.055,-0.345,-0.070,0.051,-0.046,-0.014,0.514,-0.488,-0.452,-0.541,0.000,-0.007,0,951,44,-50,25,16.580,81.370,305,305,0,0,0
115554,-0.045,-241397.141,-0.364,0.040,0.010,0.180,-0.006,0.516,-0.485,-0.452,-0.542,0.000,-0.008,0,1388,51,-54,25,16.580,81.370,305,305,0,0,0
115654,-0.045,-375364.656,-0.381,0.100,0.000,-0.047,-0.004,0.518,-0.483,-0.450,-0.544,0.000,-0.008,0,1437,44,-47,25,16.580,81.370,305,305,0,0,0
115754,-0.045,-535980.938,-0.373,0.000,-0.021,-0.032,0.007,0.517,-0.484,-0.451,-0.543,0.000,-0.008,0,1698,46,-47,25,16.570,81.370,305,305,0,0,0
115854,-0.048,-741474.250,-0.371,0.020,-0.007,0.019,0.006,0.517,-0.485,-0.451,-0.543,0.000,-0.008,0,1724,47,-49,25,16.570,81.370,305,305,0,0,0
115954,-0.048,-893813.938,-0.374,0.020,-0.004,0.002,-0.002,0.517,-0.485,-0.450,-0.543,0.000,-0.008,0,1629,46,-49,25,16.570,81.370,305,305,0,0,0
116054,-0.049,-1060334.000,-0.375,0.050,0.000,0.020,0.000,0.517,-0.484,-0.450,-0.543,0.000,-0.008,0,1750,47,-50,25,16.570,81.370,305,305,0,0,0
116154,-0.050,-1234462.250,-0.377,0.050,0.000,-0.021,-0.004,0.517,-0.484,-0.450,-0.544,0.000,-0.008,0,1695,45,-48,25,16.590,81.370,305,305,0,0,0
116254,-0.050,-1403531.250,-0.371,0.000,-0.003,-0.020,0.000,0.517,-0.485,-0.450,-0.543,0.000,-0.008,0,1864,46,-48,25,16.590,81.370,305,305,0,0,0
116354,-0.051,-1581510.750,-0.369,0.020,0.000,0.001,0.001,0.517,-0.485,-0.450,-0.543,0.000,-0.008,0,1934,46,-49,25,16.590,81.370,305,305,0,0,0
116454,-0.051,-1761220.250,-0.369,0.010,0.001,-0.004,-0.002,0.517,-0.485,-0.450,-0.543,0.000,-0.008,0,1908,46,-49,25,16.590,81.370,305,305,0,0,0
116554,-0.052,-1945200.125,-0.369,0.030,-0.001,-0.007,-0.004,0.517,-0.485,-0.450,-0.543,0.000,-0.008,0,1922,46,-49,25,16.600,81.370,305,305,0,0,0
116654,-0.053,-2123676.500,-0.369,0.030,0.000,0.002,-0.001,0.517,-0.485,-0.450,-0.543,0.000,-0.008,0,2043,46,-49,25,16.600,81.370,305,305,0,0,0
116754,-0.053,-2304246.250,-0.369,0.060,0.004,0.000,-0.002,0.517,-0.485,-0.450,-0.543,0.000,-0.008,0,2078,46,-49,25,16.600,81.370,305,305,0,0,0
116854,-0.053,-2479811.750,-0.369,0.020,0.003,0.002,-0.004,0.517,-0.485,-0.450,-0.543,0.000,-0.008,0,2092,46,-49,25,16.600,81.370,305,305,0,0,0
116954,-0.053,-2663795.000,-0.370,0.050,0.003,-0.009,-0.002,0.517,-0.485,-0.450,-0.543,0.000,-0.008,0,2142,45,-49,25,16.570,81.370,305,305,0,0,0
117054,-0.053,-2832969.000,-0.370,0.050,-0.006,-0.003,-0.003,0.517,-0.485,-0.450,-0.543,0.000,-0.008,0,2192,46,-49,25,16.570,81.370,305,305,0,0,0
117154,-0.053,-3006623.250,-0.367,0.030,-0.006,0.000,0.000,0.516,-0.486,-0.450,-0.543,0.000,-0.008,0,2288,46,-49,25,16.570,81.370,305,305,0,0,0
117254,-0.053,-3185732.000,-0.367,0.010,0.008,0.000,-0.006,0.516,-0.486,-0.450,-0.543,0.000,-0.008,0,2241,46,-49,25,16.570,81.370,305,305,0,0,0
117354,-0.053,-3360140.750,-0.368,0.010,-0.002,0.013,0.000,0.516,-0.486,-0.450,-0.543,0.000,-0.008,0,2367,47,-49,25,16.570,81.370,305,305,0,0,0
117454,-0.053,-3537681.000,-0.369,0.010,0.006,0.000,-0.002,0.517,-0.486,-0.450,-0.543,0.000,-0.008,0,2373,46,-49,25,16.580,81.370,305,305,0,0,0
117554,-0.053,-3718813.250,-0.372,0.050,0.008,0.012,-0.003,0.517,-0.485,-0.450,-0.543,0.000,-0.008,0,2381,46,-50,25,16.580,81.370,305,305,0,0,0
117654,-0.053,-3895998.750,-0.374,0.040,0.003,-0.009,-0.004,0.517,-0.485,-0.450,-0.543,0.000,-0.008,0,2391,46,-49,25,16.580,81.370,305,305,0,0,0
117754,-0.053,-4076951.500,-0.374,0.010,0.002,0.011,-0.003,0.517,-0.485,-0.450,-0.543,0.000,-0.008,0,2437,46,-49,25,16.580,81.370,305,305,0,0,0
117854,-0.048,-4214742.500,-0.378,0.050,0.020,0.000,-0.018,0.517,-0.484,-0.450,-0.544,0.000,-0.008,0,2239,45,-49,25,16.590,81.370,305,305,0,0,0
117954,-0.042,-4321370.000,-0.378,0.030,0.020,-0.001,-0.013,0.517,-0.483,-0.451,-0.544,0.000,-0.008,0,2303,45,-49,25,16.590,81.370,305,305,0,0,0
118054,-0.040,-4431080.500,-0.380,0.000,0.008,0.022,-0.008,0.517,-0.483,-0.451,-0.544,0.000,-0.008,0,2393,47,-50,25,16.590,81.370,305,305,0,0,0
118154,-0.040,-4555561.500,-0.386,0.030,0.008,0.006,-0.009,0.518,-0.482,-0.450,-0.544,0.000,-0.008,0,2374,46,-49,25,16.590,81.370,305,305,0,0,0
118254,-0.040,-4676736.000,-0.385,0.030,0.001,-0.023,-0.003,0.518,-0.482,-0.451,-0.544,0.000,-0.008,0,2494,45,-48,25,16.610,81.370,305,305,0,0,0
118354,-0.040,-4823843.500,-0.383,0.030,-0.014,-0.013,0.008,0.518,-0.483,-0.451,-0.544,0.000,-0.008,0,2646,46,-48,25,16.610,81.370,305,305,0,0,0
118454,-0.040,-4962862.000,-0.380,0.080,-0.001,0.000,0.000,0.517,-0.483,-0.451,-0.544,0.000,-0.008,0,2571,46,-49,25,16.610,81.370,305,305,0,0,0
118554,-0.037,-5075894.000,-0.376,0.080,0.042,-0.021,-0.019,0.517,-0.483,-0.451,-0.544,0.000,-0.008,0,2294,44,-50,25,16.610,81.370,305,305,0,0,0
118654,0.012,-4831727.000,-0.396,-0.500,0.349,0.029,-0.293,0.521,-0.472,-0.459,-0.543,0.000,-0.008,4147,0,37,-59,25,16.600,81.370,305,305,0,0,0
118754,0.194,-3002429.000,-0.415,-0.330,0.174,0.178,-0.392,0.519,-0.454,-0.474,-0.548,0.000,-0.006,4987,0,51,-56,25,16.600,81.370,305,305,0,0,0
118854,0.343,-790263.875,-0.408,-0.430,0.059,-0.241,-0.587,0.508,-0.445,-0.484,-0.556,0.000,-0.003,6981,0,37,-42,25,16.600,81.370,305,305,0,0,0
118954,0.713,4164044.750,-0.391,0.310,0.198,0.093,-1.180,0.484,-0.421,-0.507,-0.576,0.000,0.020,10093,0,44,-58,25,16.600,81.370,305,305,0,0,0
119054,1.251,12361290.000,-0.367,0.470,0.232,0.009,-1.470,0.447,-0.382,-0.540,-0.602,0.000,0.027,11878,0,41,-54,25,16.600,81.370,305,305,0,0,0
119154,1.875,23494500.000,-0.313,-0.160,0.114,-0.246,-1.682,0.398,-0.339,-0.575,-0.629,0.000,0.031,13604,0,36,-41,25,16.600,81.370,305,305,0,0,0
119254,2.544,37493080.000,-0.241,-0.660,0.039,-0.153,-1.831,0.336,-0.293,-0.609,-0.656,0.000,0.031,14142,0,41,-43,25,16.600,81.370,305,305,0,0,0
119354,3.128,53201916.000,-0.234,-0.170,-0.148,0.170,-1.426,0.279,-0.240,-0.631,-0.683,0.000,0.039,14142,0,57,-45,25,16.600,81.370,305,305,0,0,0
119454,3.552,60000000.000,-0.316,-0.140,-0.112,0.376,-1.033,0.249,-0.200,-0.632,-0.706,0.000,0.060,14142,0,57,-56,25,16.600,81.370,305,305,0,0,0
119554,3.844,60000000.000,-0.321,0.070,0.304,0.229,-0.676,0.234,-0.160,-0.641,-0.713,0.000,0.068,14142,0,39,-59,25,16.600,81.370,305,305,0,0,0
119654,4.077,60000000.000,-0.248,-0.030,0.366,0.068,-0.593,0.216,-0.134,-0.658,-0.709,0.000,0.054,14142,0,36,-54,25,16.600,81.370,305,305,0,0,0
119754,4.227,60000000.000,-0.210,-0.060,-0.012,-0.136,-0.300,0.203,-0.118,-0.666,-0.708,0.000,0.048,14142,0,42,-36,25,16.610,81.370,305,305,0,0,0
119854,4.262,60000000.000,-0.198,0.100,-0.044,-0.139,-0.060,0.195,-0.118,-0.668,-0.708,0.000,0.045,14142,0,42,-39,25,16.610,81.370,305,305,0,0,0
119954,4.270,60000000.000,-0.188,-0.110,-0.032,-0.263,-0.051,0.188,-0.124,-0.668,-0.709,0.000,0.043,14142,0,37,-38,25,16.610,81.370,305,305,0,0,0
120054,4.264,60000000.000,-0.174,-0.170,-0.081,-0.206,0.151,0.181,-0.132,-0.669,-0.708,0.000,0.039,14142,0,41,-37,25,16.610,81.370,305,305,0,0,0
120154,4.212,60000000.000,-0.182,0.050,-0.207,-0.273,0.117,0.178,-0.144,-0.665,-0.710,0.000,0.041,14142,0,42,-34,25,16.610,81.370,305,305,0,0,0
120254,4.181,60000000.000,-0.186,0.130,0.014,-0.193,0.022,0.173,-0.155,-0.662,-0.712,0.000,0.041,14142,0,36,-44,25,16.610,81.370,305,305,0,0,0
120354,4.176,60000000.000,-0.162,0.190,0.033,-0.108,-0.003,0.169,-0.160,-0.666,-0.709,0.000,0.031,14142,0,40,-44,25,16.610,81.370,305,305,0,0,0
120454,4.158,60000000.000,-0.150,0.230,-0.117,-0.298,0.062,0.165,-0.167,-0.666,-0.708,0.000,0.029,14142,0,38,-33,25,16.600,81.370,305,305,0,0,0
120554,4.120,60000000.000,-0.143,0.200,-0.073,-0.208,0.047,0.159,-0.181,-0.663,-0.709,0.000,0.027,14142,0,39,-40,25,16.600,81.370,305,305,0,0,0
120654,4.103,60000000.000,-0.127,0.040,0.017,-0.028,-0.034,0.157,-0.187,-0.664,-0.707,0.000,0.024,14142,0,41,-45,25,16.600,81.370,305,305,0,0,0
120754,4.108,60000000.000,-0.124,-0.040,-0.052,-0.186,-0.026,0.154,-0.189,-0.664,-0.707,0.000,0.023,14142,0,37,-37,25,16.600,81.370,305,305,0,0,0
120854,4.107,60000000.000,-0.102,-0.060,0.014,-0.118,0.058,0.150,-0.193,-0.666,-0.705,0.000,0.020,14142,0,38,-41,26,16.610,81.370,305,305,0,0,0
120954,4.092,60000000.000,-0.100,-0.060,-0.010,-0.061,0.012,0.148,-0.198,-0.664,-0.705,0.000,0.019,14142,0,40,-42,26,16.610,81.370,305,305,0,0,0
121054,4.067,60000000.000,-0.086,0.120,-0.050,-0.187,0.091,0.146,-0.205,-0.664,-0.704,0.000,0.016,14142,0,37,-37,26,16.610,81.370,305,305,0,0,0
121154,4.037,60000000.000,-0.077,0.020,-0.081,-0.184,0.091,0.142,-0.215,-0.663,-0.703,0.000,0.015,14142,0,38,-37,26,16.610,81.370,305,305,0,0,0
121254,4.022,60000000.000,-0.072,0.030,0.058,0.060,-0.049,0.141,-0.218,-0.662,-0.703,0.000,0.014,14142,0,41,-48,25,16.590,81.370,305,305,0,0,0
121354,4.041,60000000.000,-0.066,0.010,0.057,-0.004,-0.018,0.141,-0.215,-0.664,-0.702,0.000,0.012,14142,0,38,-43,25,16.590,81.370,305,305,0,0,0
